Country,Gas Oil,Natural Gas,Coal
AT - Austria,0.11041,0.1291,
BE - Belgium,0.11041,0.17674,
BG - Bulgaria,,0.06491,
CY - Cyprus,0.09691,,
CZ - Czechia,0.09352,0.11221,0.0242
DE - Germany,0.10257,0.11182,
DK - Denmark,0.17281,0.11129,
EE -Estonia,0.10862,0.07314,
EL - Greece,0.12087,0.08429,
ES - Spain,0.09482,0.10289,
FI - Finland,0.13838,,
FR - France,0.11453,0.11724,
HU - Hungary,0.14924,0.03497,
HR - Croatia,0.09256,0.04604,
IE - Ireland,0.0932,0.13993,
IT - Italy,0.14147,0.12891,
LT - Lithuania,0.08796,0.14817,
LU - Luxembourg,0.09328,0.08582,
LV - Latvia,0.11286,0.09763,
MT - Malta,0.09074,,
NL - Netherlands,,0.16588,
PL - Poland,0.11171,0.07293,0.01779
PT - Portugal,0.14991,0.16652,
RO - Romania,0.09291,0.05617,
SE - Sweden,0.11981,0.21376,
SI - Slovenia,0.10959,0.10134,
SK - Slovak Republic,,,
