Country,Gas Oil,Natural Gas,Coal
AT - Austria,0.01188,0.00828,0.01533
BE - Belgium,0.0,0.0,0.0
BG - Bulgaria,0.0,0.0,0.0
CY - Cyprus,0.0,0.0,0.0
CZ - Czechia,0.0,0.0,0.0
DE - Germany,0.01451,0.01012,0.01873
DK - Denmark,0.00612,0.00522,0.00866
EE - Estonia,0.0,0.0,0.0
EL - Greece,0.0,0.0,0.0
ES - Spain,0.0,0.0,0.0
FI - Finland,0.01795,0.01294,0.01848
FR - France,0.01177,0.00821,0.01519
HU - Hungary,0.0,0.0,0.0
HR - Croatia,0.0,0.0,0.0
IE - Ireland,0.01676,0.0103,0.01907
IT - Italy,0.0,0.0,0.0
LT - Lithuania,0.00486,0.0,0.00505
LU - Luxembourg,0.00851,0.00707,0.0
LV - Latvia,0.0,0.0,0.0
MT - Malta,0.0,0.0,0.0
NL - Netherlands,0.0,0.0,0.0
PL - Poland,2e-05,2e-05,3e-05
PT - Portugal,0.01513,0.01361,0.01909
RO - Romania,0.0,0.0,0.0
SE - Sweden,0.03236,0.00073,0.04228
SI - Slovenia,0.00457,0.00318,0.00589
SK - Slovak Republic,0.0,0.0,0.0
