Country,Gas Oil,Natural Gas,Coal
AT - Austria,0.2,0.2,0.2
BE - Belgium,0.21,0.06,0.12
BG - Bulgaria,0.2,0.2,0.2
CY - Cyprus,0.19,0.19,0.19
CZ - Czechia,0.21,0.21,0.21
DE - Germany,0.19,0.19,0.19
DK - Denmark,0.25,0.25,0.25
EE - Estonia,0.22,0.22,0.22
EL - Greece,0.24,0.06,0.24
ES - Spain,0.21,0.21,0.21
FI - Finland,0.255,0.255,0.255
FR - France,0.2,0.2,0.2
HU - Hungary,0.27,0.0,0.0
HR - Croatia,0.25,0.25,0.25
IE - Ireland,0.135,0.09,0.135
IT - Italy,0.22,0.22,0.22
LT - Lithuania,0.21,0.21,0.21
LU - Luxembourg,0.14,0.08,0.14
LV - Latvia,0.21,0.21,0.21
MT - Malta,0.18,0.18,0.18
NL - Netherlands,0.21,0.21,0.21
PL - Poland,0.23,0.23,0.23
PT - Portugal,0.13,0.23,0.23
RO - Romania,0.19,0.19,0.19
SE - Sweden,0.25,0.25,0.25
SI - Slovenia,0.22,0.22,0.22
SK - Slovak Republic,0.23,0.23,0.23
